timestamp,count
2023-04-29 00:04:56,438
2023-05-01 12:29:29,2387
2023-05-02 15:30:15,8979
2023-05-02 16:27:19,9233
2023-05-02 19:29:49,10093
2023-05-03 00:14:20,10947
2023-05-03 07:55:07,11317
2023-05-03 13:00:28,11995
2023-05-03 14:59:06,12223
2023-05-06 09:28:13,14150
2023-05-06 12:17:10,14192
2023-05-18 07:22:10,15331
2023-05-18 18:41:30,15437
2023-05-20 21:21:16,15579
2023-05-22 05:29:23,15579
2023-06-12 22:33:15,16074
2023-06-16 22:49:23,16132
2023-06-18 03:23:51,16145
2023-06-20 09:36:54,16462
2023-06-20 21:10:53,19868
2023-06-22 18:06:49,32102
2023-06-23 14:26:48,33396
2023-06-23 14:29:43,33397
2023-06-23 15:11:27,33438
2023-06-23 15:12:43,33439
